Title,Genre,Author
"O Mistério da Floresta","Mistério","Carlos Silva"
"A Viagem Inesperada","Aventura","Mariana Costa"
"Amor em Paris","Romance","Fernanda Oliveira"
"A Lenda do Dragão","Fantasia","Pedro Santos"
"Segredos do Universo","Ficção Científica","Ana Souza"
"Caminhos da Vida","Drama","João Pereira"
"O Último Samurai","História","Ricardo Fernandes"
"Sussurros na Noite","Horror","Lucas Almeida"
"Asas da Liberdade","Poesia","Camila Rodrigues"
"Encontro com o Destino","Romance","Beatriz Gomes"
"O Código Perdido","Suspense","Felipe Costa"
"A Arte da Guerra","História","Luiza Ribeiro"
"Viagem ao Centro da Terra","Aventura","Marcelo Lima"
"Vidas Partidas","Drama","Tatiana Martins"
"Noites em Claro","Mistério","Rafael Mendes"
"O Fim do Mundo","Ficção Científica","Sofia Gonçalves"
"O Despertar","Fantasia","Daniel Barros"
"Maré Alta","Suspense","Isabela Ferreira"
"Coração de Pedra","Romance","Gustavo Carvalho"
"Labirinto de Espelhos","Mistério","Larissa Dias"
"O Caminho das Estrelas","Ficção Científica","Bruno Oliveira"
"A Ilha Perdida","Aventura","Carolina Santos"
"Sombras do Passado","Horror","Thiago Rodrigues"
"Entre Dois Mundos","Fantasia","Patrícia Almeida"
"O Poder da Mente","Autoajuda","Renato Martins"
"A Casa dos Sonhos","Drama","Vanessa Pereira"
"Reflexos da Alma","Poesia","André Gonçalves"
"A Batalha Final","Fantasia","Luciana Costa"
"Nas Asas do Vento","Romance","Eduardo Ferreira"
"O Segredo do Lago","Mistério","Juliana Souza"
"Fuga para a Liberdade","História","Diego Ribeiro"
"Horizontes Distantes","Aventura","Aline Carvalho"
"A Canção do Silêncio","Drama","Fernando Alves"
"Portal do Tempo","Ficção Científica","Gabriela Dias"
"O Jardim das Palavras","Poesia","Henrique Lopes"
"Entre a Luz e a Sombra","Horror","Letícia Fernandes"
"A Jornada do Herói","Fantasia","Paulo Correia"
"Vidas Cruzadas","Romance","Amanda Costa"
"O Enigma das Sombras","Suspense","Rodrigo Moraes"
"Destino Traçado","Drama","Sabrina Oliveira"
"O Guardião dos Sonhos","Fantasia","Mateus Almeida"
"Além do Horizonte","Aventura","Nicole Santos"
"A Última Chance","Romance","Fábio Pereira"
"Silêncio Mortal","Mistério","Bianca Ferreira"
"Conexão Perdida","Ficção Científica","Adriana Gomes"
"Memórias Esquecidas","Drama","Guilherme Rocha"
"O Eco do Passado","História","Carla Barbosa"
"Segredos Obscuros","Horror","Bruna Fernandes"
"Labirinto Mental","Suspense","Rafael Cardoso"
"A Escolha","Autoajuda","Helena Castro"
"O Olhar do Dragão","Fantasia","Leonardo Lima"
"Veredas da Vida","Poesia","Maria Eduarda Silva"
"Caçadores de Lendas","Aventura","José Henrique Dias"
"Do Outro Lado","Mistério","Melissa Ribeiro"
"Chamas da Vingança","Drama","Igor Souza"
"Tempo Perdido","Ficção Científica","Sara Costa"
"Vozes do Silêncio","Horror","Alexandre Alves"
"O Caminho do Guerreiro","História","Joana Martins"
"Fragmentos de Nós","Romance","Lucas Oliveira"
"Sombras na Neve","Suspense","Paula Rodrigues"
"Recomeçar","Autoajuda","Bruno Almeida"
"O Reino dos Sonhos","Fantasia","Larissa Ferreira"
"Viagem Sem Volta","Aventura","Renata Carvalho"
"Enigma do Espaço","Ficção Científica","Daniel Silva"
"Notas de um Amor","Poesia","Patrícia Santos"
"O Outro Lado da Verdade","Mistério","Marcos Lima"
"Jardim de Inverno","Drama","Sofia Rodrigues"
"Marcas da Guerra","História","Ricardo Duarte"
"Sombras da Noite","Horror","Camila Souza"
"O Toque da Morte","Suspense","Vinícius Costa"
"Entre Linhas","Romance","Ana Paula Gomes"
"O Despertar da Vida","Autoajuda","Felipe Fernandes"
"A Floresta Encantada","Fantasia","Marta Ribeiro"
"Código Mortal","Mistério","Luís Almeida"
"Alma Gêmea","Romance","Isabela Santos"
"Diários do Medo","Horror","Thiago Correia"
"Tempestade de Areia","Aventura","Natalia Rocha"
"Reflexões","Poesia","Anderson Dias"
"O Último Desejo","Drama","Fernanda Lopes"
"Viagem ao Desconhecido","Ficção Científica","Bruno Barbosa"
"Memórias de um Soldado","História","Gabriela Fernandes"
"Além da Escuridão","Suspense","Pedro Gomes"
"Conselhos do Coração","Autoajuda","Juliana Ferreira"
"O Mago e a Espada","Fantasia","Rafael Silva"
"Em Busca da Verdade","Mistério","Vanessa Oliveira"
"Cicatrizes","Drama","Lucas Santos"
"O Planeta Proibido","Ficção Científica","Carla Costa"
"Labirinto de Ilusões","Horror","Marcelo Pereira"
"Canções da Alma","Poesia","Aline Martins"
"O Outro Mundo","Fantasia","Diego Rodrigues"
"Mar de Lágrimas","Romance","Bianca Souza"
"Sobreviventes","Aventura","Rodrigo Almeida"
"Olhos da Justiça","Suspense","Tatiana Carvalho"
"A Cura","Autoajuda","Gustavo Ferreira"
"O Encontro","Drama","Mariana Gomes"
"Pesadelos Reais","Horror","Felipe Santos"
"Destino em Jogo","Mistério","Luana Fernandes"
"Passado Sombrio","História","André Lima"
"Viagem Astral","Ficção Científica","Renata Alves"
"Poemas Esquecidos","Poesia","João Carvalho"
"Portal Secreto","Fantasia","Carolina Oliveira"
"O Último Desafio","Aventura","Ricardo Santos"
